[
  {
    "model": "workspaces.workspace",
    "pk": 1,
    "fields": {
      "role": "admin",
      "name": "Espace Administrateur",
      "description": "Tableau de bord pour la gestion complète du système, des utilisateurs et de la configuration",
      "icon": "Shield",
      "color": "#1F2937",
      "is_active": true,
      "order": 1,
      "created_at": "2025-01-01T00:00:00Z",
      "updated_at": "2025-01-01T00:00:00Z"
    }
  },
  {
    "model": "workspaces.workspace",
    "pk": 2,
    "fields": {
      "role": "manager",
      "name": "Espace Manager",
      "description": "Tableau de bord décisionnel avec KPIs financiers et opérationnels en temps réel",
      "icon": "Briefcase",
      "color": "#059669",
      "is_active": true,
      "order": 2,
      "created_at": "2025-01-01T00:00:00Z",
      "updated_at": "2025-01-01T00:00:00Z"
    }
  },
  {
    "model": "workspaces.workspace",
    "pk": 3,
    "fields": {
      "role": "comptable",
      "name": "Espace Comptable",
      "description": "Tableau de bord pour la gestion quotidienne des écritures comptables et de la balance",
      "icon": "Calculator",
      "color": "#4F46E5",
      "is_active": true,
      "order": 3,
      "created_at": "2025-01-01T00:00:00Z",
      "updated_at": "2025-01-01T00:00:00Z"
    }
  },
  {
    "model": "workspaces.workspacestatistic",
    "pk": 1,
    "fields": {
      "workspace": 3,
      "stat_key": "total_entries",
      "stat_label": "Écritures du Mois",
      "stat_value": "1247",
      "stat_type": "number",
      "trend": 12.5,
      "trend_direction": "up",
      "cache_duration": 300,
      "metadata": {
        "source": "accounting.entries",
        "period": "current_month"
      },
      "created_at": "2025-01-01T00:00:00Z",
      "updated_at": "2025-01-01T00:00:00Z",
      "last_calculated": "2025-01-01T00:00:00Z"
    }
  },
  {
    "model": "workspaces.workspacestatistic",
    "pk": 2,
    "fields": {
      "workspace": 3,
      "stat_key": "monthly_balance",
      "stat_label": "Balance du Mois",
      "stat_value": "45890000",
      "stat_type": "currency",
      "trend": -3.2,
      "trend_direction": "down",
      "cache_duration": 300,
      "metadata": {
        "currency": "XOF"
      },
      "created_at": "2025-01-01T00:00:00Z",
      "updated_at": "2025-01-01T00:00:00Z",
      "last_calculated": "2025-01-01T00:00:00Z"
    }
  },
  {
    "model": "workspaces.workspacestatistic",
    "pk": 3,
    "fields": {
      "workspace": 3,
      "stat_key": "pending_validations",
      "stat_label": "En Attente",
      "stat_value": "23",
      "stat_type": "number",
      "trend": null,
      "trend_direction": "stable",
      "cache_duration": 180,
      "metadata": {
        "type": "validation_required"
      },
      "created_at": "2025-01-01T00:00:00Z",
      "updated_at": "2025-01-01T00:00:00Z",
      "last_calculated": "2025-01-01T00:00:00Z"
    }
  },
  {
    "model": "workspaces.workspacestatistic",
    "pk": 4,
    "fields": {
      "workspace": 3,
      "stat_key": "completion_rate",
      "stat_label": "Taux de Lettrage",
      "stat_value": "87.5",
      "stat_type": "percentage",
      "trend": 5.3,
      "trend_direction": "up",
      "target_value": "95",
      "progress": 92,
      "cache_duration": 300,
      "metadata": {},
      "created_at": "2025-01-01T00:00:00Z",
      "updated_at": "2025-01-01T00:00:00Z",
      "last_calculated": "2025-01-01T00:00:00Z"
    }
  },
  {
    "model": "workspaces.workspacestatistic",
    "pk": 5,
    "fields": {
      "workspace": 2,
      "stat_key": "revenue",
      "stat_label": "Chiffre d'Affaires",
      "stat_value": "125000000",
      "stat_type": "currency",
      "trend": 18.7,
      "trend_direction": "up",
      "target_value": "150000000",
      "progress": 83,
      "cache_duration": 600,
      "metadata": {
        "currency": "XOF",
        "period": "ytd"
      },
      "created_at": "2025-01-01T00:00:00Z",
      "updated_at": "2025-01-01T00:00:00Z",
      "last_calculated": "2025-01-01T00:00:00Z"
    }
  },
  {
    "model": "workspaces.workspacestatistic",
    "pk": 6,
    "fields": {
      "workspace": 2,
      "stat_key": "expenses",
      "stat_label": "Charges",
      "stat_value": "87000000",
      "stat_type": "currency",
      "trend": -12.3,
      "trend_direction": "down",
      "cache_duration": 600,
      "metadata": {
        "currency": "XOF",
        "optimization": "expenses_reduced"
      },
      "created_at": "2025-01-01T00:00:00Z",
      "updated_at": "2025-01-01T00:00:00Z",
      "last_calculated": "2025-01-01T00:00:00Z"
    }
  },
  {
    "model": "workspaces.workspacestatistic",
    "pk": 7,
    "fields": {
      "workspace": 2,
      "stat_key": "profit_margin",
      "stat_label": "Marge Nette",
      "stat_value": "30.4",
      "stat_type": "percentage",
      "trend": 8.5,
      "trend_direction": "up",
      "target_value": "35",
      "progress": 87,
      "cache_duration": 600,
      "metadata": {},
      "created_at": "2025-01-01T00:00:00Z",
      "updated_at": "2025-01-01T00:00:00Z",
      "last_calculated": "2025-01-01T00:00:00Z"
    }
  },
  {
    "model": "workspaces.workspacestatistic",
    "pk": 8,
    "fields": {
      "workspace": 2,
      "stat_key": "cash_flow",
      "stat_label": "Trésorerie",
      "stat_value": "38000000",
      "stat_type": "currency",
      "trend": 15.2,
      "trend_direction": "up",
      "cache_duration": 300,
      "metadata": {
        "currency": "XOF",
        "status": "healthy"
      },
      "created_at": "2025-01-01T00:00:00Z",
      "updated_at": "2025-01-01T00:00:00Z",
      "last_calculated": "2025-01-01T00:00:00Z"
    }
  },
  {
    "model": "workspaces.workspacestatistic",
    "pk": 9,
    "fields": {
      "workspace": 1,
      "stat_key": "active_users",
      "stat_label": "Utilisateurs Actifs",
      "stat_value": "42",
      "stat_type": "number",
      "trend": 16.7,
      "trend_direction": "up",
      "cache_duration": 1800,
      "metadata": {
        "total_users": 50
      },
      "created_at": "2025-01-01T00:00:00Z",
      "updated_at": "2025-01-01T00:00:00Z",
      "last_calculated": "2025-01-01T00:00:00Z"
    }
  },
  {
    "model": "workspaces.workspacestatistic",
    "pk": 10,
    "fields": {
      "workspace": 1,
      "stat_key": "system_health",
      "stat_label": "Santé Système",
      "stat_value": "98.5",
      "stat_type": "percentage",
      "trend": 1.2,
      "trend_direction": "up",
      "target_value": "99.9",
      "progress": 99,
      "cache_duration": 1800,
      "metadata": {
        "uptime": "99.8%"
      },
      "created_at": "2025-01-01T00:00:00Z",
      "updated_at": "2025-01-01T00:00:00Z",
      "last_calculated": "2025-01-01T00:00:00Z"
    }
  },
  {
    "model": "workspaces.workspacestatistic",
    "pk": 11,
    "fields": {
      "workspace": 1,
      "stat_key": "api_calls",
      "stat_label": "Appels API/Jour",
      "stat_value": "15420",
      "stat_type": "number",
      "trend": 22.5,
      "trend_direction": "up",
      "cache_duration": 1800,
      "metadata": {},
      "created_at": "2025-01-01T00:00:00Z",
      "updated_at": "2025-01-01T00:00:00Z",
      "last_calculated": "2025-01-01T00:00:00Z"
    }
  },
  {
    "model": "workspaces.workspacestatistic",
    "pk": 12,
    "fields": {
      "workspace": 1,
      "stat_key": "storage_used",
      "stat_label": "Stockage Utilisé",
      "stat_value": "67.3",
      "stat_type": "percentage",
      "trend": 5.8,
      "trend_direction": "up",
      "target_value": "80",
      "progress": 84,
      "cache_duration": 3600,
      "metadata": {
        "total_gb": "500",
        "used_gb": "336.5"
      },
      "created_at": "2025-01-01T00:00:00Z",
      "updated_at": "2025-01-01T00:00:00Z",
      "last_calculated": "2025-01-01T00:00:00Z"
    }
  },
  {
    "model": "workspaces.workspacewidget",
    "pk": 1,
    "fields": {
      "workspace": 3,
      "widget_type": "stat",
      "title": "Écritures du Jour",
      "description": "Nombre d'écritures comptables saisies aujourd'hui",
      "icon": "FileText",
      "color": "#10B981",
      "config": {
        "source": "accounting.entries",
        "filter": "today"
      },
      "url": "/accounting/entries",
      "api_endpoint": "/api/v1/accounting/entries/stats/",
      "order": 1,
      "width": 1,
      "height": 1,
      "is_visible": true,
      "is_required": false,
      "created_at": "2025-01-01T00:00:00Z",
      "updated_at": "2025-01-01T00:00:00Z"
    }
  },
  {
    "model": "workspaces.workspacewidget",
    "pk": 2,
    "fields": {
      "workspace": 3,
      "widget_type": "chart",
      "title": "Évolution Balance",
      "description": "Graphique d'évolution de la balance sur 6 mois",
      "icon": "TrendingUp",
      "color": "#3B82F6",
      "config": {
        "chart_type": "line",
        "period": "6_months",
        "metrics": [
          "debit",
          "credit"
        ]
      },
      "url": "/accounting/balance",
      "api_endpoint": "/api/v1/accounting/balance/evolution/",
      "order": 2,
      "width": 2,
      "height": 1,
      "is_visible": true,
      "is_required": false,
      "created_at": "2025-01-01T00:00:00Z",
      "updated_at": "2025-01-01T00:00:00Z"
    }
  },
  {
    "model": "workspaces.workspacewidget",
    "pk": 3,
    "fields": {
      "workspace": 3,
      "widget_type": "list",
      "title": "Dernières Écritures",
      "description": "10 dernières écritures comptables",
      "icon": "List",
      "color": "#8B5CF6",
      "config": {
        "limit": 10,
        "sort": "-created_at",
        "fields": [
          "date",
          "journal",
          "libelle",
          "montant"
        ]
      },
      "url": "/accounting/entries",
      "api_endpoint": "/api/v1/accounting/entries/recent/",
      "order": 3,
      "width": 2,
      "height": 2,
      "is_visible": true,
      "is_required": false,
      "created_at": "2025-01-01T00:00:00Z",
      "updated_at": "2025-01-01T00:00:00Z"
    }
  },
  {
    "model": "workspaces.workspacewidget",
    "pk": 4,
    "fields": {
      "workspace": 3,
      "widget_type": "notification",
      "title": "Alertes Comptables",
      "description": "Écritures en attente de validation et anomalies détectées",
      "icon": "Bell",
      "color": "#EF4444",
      "config": {
        "priority": "high",
        "types": [
          "validation",
          "anomaly"
        ]
      },
      "api_endpoint": "/api/v1/notifications/accounting/",
      "order": 4,
      "width": 1,
      "height": 1,
      "is_visible": true,
      "is_required": true,
      "created_at": "2025-01-01T00:00:00Z",
      "updated_at": "2025-01-01T00:00:00Z"
    }
  },
  {
    "model": "workspaces.workspacewidget",
    "pk": 5,
    "fields": {
      "workspace": 2,
      "widget_type": "chart",
      "title": "KPIs Financiers",
      "description": "Chiffre d'affaires, charges et marge sur 12 mois",
      "icon": "BarChart3",
      "color": "#059669",
      "config": {
        "chart_type": "bar",
        "period": "12_months",
        "metrics": [
          "revenue",
          "expenses",
          "profit"
        ]
      },
      "url": "/dashboard/financial",
      "api_endpoint": "/api/v1/dashboard/kpis/",
      "order": 1,
      "width": 3,
      "height": 2,
      "is_visible": true,
      "is_required": true,
      "created_at": "2025-01-01T00:00:00Z",
      "updated_at": "2025-01-01T00:00:00Z"
    }
  },
  {
    "model": "workspaces.workspacewidget",
    "pk": 6,
    "fields": {
      "workspace": 2,
      "widget_type": "stat",
      "title": "Position Trésorerie",
      "description": "Solde bancaire total en temps réel",
      "icon": "Wallet",
      "color": "#F59E0B",
      "config": {
        "source": "treasury.position",
        "currency": "XOF"
      },
      "url": "/treasury/position",
      "api_endpoint": "/api/v1/treasury/position/current/",
      "order": 2,
      "width": 1,
      "height": 1,
      "is_visible": true,
      "is_required": true,
      "created_at": "2025-01-01T00:00:00Z",
      "updated_at": "2025-01-01T00:00:00Z"
    }
  },
  {
    "model": "workspaces.workspacewidget",
    "pk": 7,
    "fields": {
      "workspace": 2,
      "widget_type": "chart",
      "title": "Top 10 Clients",
      "description": "Clients générant le plus de revenus",
      "icon": "Users",
      "color": "#3B82F6",
      "config": {
        "chart_type": "pie",
        "limit": 10,
        "metric": "revenue"
      },
      "url": "/crm/clients",
      "api_endpoint": "/api/v1/crm/clients/top/",
      "order": 3,
      "width": 1,
      "height": 2,
      "is_visible": true,
      "is_required": false,
      "created_at": "2025-01-01T00:00:00Z",
      "updated_at": "2025-01-01T00:00:00Z"
    }
  },
  {
    "model": "workspaces.workspacewidget",
    "pk": 8,
    "fields": {
      "workspace": 2,
      "widget_type": "list",
      "title": "Budgets vs Réalisé",
      "description": "Suivi des écarts budgétaires par département",
      "icon": "Target",
      "color": "#DC2626",
      "config": {
        "limit": 5,
        "show_variance": true
      },
      "url": "/budgeting",
      "api_endpoint": "/api/v1/budgeting/variance/",
      "order": 4,
      "width": 2,
      "height": 1,
      "is_visible": true,
      "is_required": false,
      "created_at": "2025-01-01T00:00:00Z",
      "updated_at": "2025-01-01T00:00:00Z"
    }
  },
  {
    "model": "workspaces.workspacewidget",
    "pk": 9,
    "fields": {
      "workspace": 1,
      "widget_type": "stat",
      "title": "Connexions Actives",
      "description": "Utilisateurs connectés en ce moment",
      "icon": "Users",
      "color": "#10B981",
      "config": {
        "source": "system.active_sessions",
        "realtime": true
      },
      "api_endpoint": "/api/v1/system/sessions/active/",
      "order": 1,
      "width": 1,
      "height": 1,
      "is_visible": true,
      "is_required": true,
      "created_at": "2025-01-01T00:00:00Z",
      "updated_at": "2025-01-01T00:00:00Z"
    }
  },
  {
    "model": "workspaces.workspacewidget",
    "pk": 10,
    "fields": {
      "workspace": 1,
      "widget_type": "chart",
      "title": "Activité Système",
      "description": "Graphique des appels API et performances sur 24h",
      "icon": "Activity",
      "color": "#3B82F6",
      "config": {
        "chart_type": "area",
        "period": "24_hours",
        "metrics": [
          "api_calls",
          "response_time"
        ]
      },
      "api_endpoint": "/api/v1/system/metrics/",
      "order": 2,
      "width": 2,
      "height": 2,
      "is_visible": true,
      "is_required": true,
      "created_at": "2025-01-01T00:00:00Z",
      "updated_at": "2025-01-01T00:00:00Z"
    }
  },
  {
    "model": "workspaces.workspacewidget",
    "pk": 11,
    "fields": {
      "workspace": 1,
      "widget_type": "list",
      "title": "Logs Système Récents",
      "description": "20 derniers événements système importants",
      "icon": "FileSearch",
      "color": "#7C2D12",
      "config": {
        "limit": 20,
        "severity": [
          "error",
          "warning",
          "critical"
        ]
      },
      "url": "/security/logs",
      "api_endpoint": "/api/v1/system/logs/recent/",
      "order": 3,
      "width": 2,
      "height": 2,
      "is_visible": true,
      "is_required": false,
      "created_at": "2025-01-01T00:00:00Z",
      "updated_at": "2025-01-01T00:00:00Z"
    }
  },
  {
    "model": "workspaces.workspacewidget",
    "pk": 12,
    "fields": {
      "workspace": 1,
      "widget_type": "notification",
      "title": "Alertes Sécurité",
      "description": "Notifications de sécurité et mises à jour système",
      "icon": "Shield",
      "color": "#EF4444",
      "config": {
        "priority": "high",
        "types": [
          "security",
          "update"
        ]
      },
      "api_endpoint": "/api/v1/notifications/security/",
      "order": 4,
      "width": 1,
      "height": 1,
      "is_visible": true,
      "is_required": true,
      "created_at": "2025-01-01T00:00:00Z",
      "updated_at": "2025-01-01T00:00:00Z"
    }
  },
  {
    "model": "workspaces.workspacequickaction",
    "pk": 1,
    "fields": {
      "workspace": 3,
      "label": "Nouvelle Écriture",
      "description": "Créer une nouvelle écriture comptable",
      "icon": "Plus",
      "color": "#4F46E5",
      "action_type": "navigate",
      "action_target": "/accounting/entry/new",
      "order": 1,
      "is_visible": true,
      "show_badge": false,
      "created_at": "2025-01-01T00:00:00Z",
      "updated_at": "2025-01-01T00:00:00Z"
    }
  },
  {
    "model": "workspaces.workspacequickaction",
    "pk": 2,
    "fields": {
      "workspace": 3,
      "label": "Balance",
      "description": "Consulter la balance comptable",
      "icon": "Scale",
      "color": "#10B981",
      "action_type": "navigate",
      "action_target": "/accounting/balance",
      "order": 2,
      "is_visible": true,
      "show_badge": false,
      "created_at": "2025-01-01T00:00:00Z",
      "updated_at": "2025-01-01T00:00:00Z"
    }
  },
  {
    "model": "workspaces.workspacequickaction",
    "pk": 3,
    "fields": {
      "workspace": 3,
      "label": "Grand Livre",
      "description": "Afficher le grand livre",
      "icon": "Book",
      "color": "#3B82F6",
      "action_type": "navigate",
      "action_target": "/accounting/general-ledger",
      "order": 3,
      "is_visible": true,
      "show_badge": false,
      "created_at": "2025-01-01T00:00:00Z",
      "updated_at": "2025-01-01T00:00:00Z"
    }
  },
  {
    "model": "workspaces.workspacequickaction",
    "pk": 4,
    "fields": {
      "workspace": 3,
      "label": "Valider Écritures",
      "description": "Valider les écritures en attente",
      "icon": "CheckCircle",
      "color": "#EF4444",
      "action_type": "modal",
      "action_target": "validation_modal",
      "order": 4,
      "is_visible": true,
      "show_badge": true,
      "badge_api_endpoint": "/api/v1/accounting/entries/pending/count/",
      "created_at": "2025-01-01T00:00:00Z",
      "updated_at": "2025-01-01T00:00:00Z"
    }
  },
  {
    "model": "workspaces.workspacequickaction",
    "pk": 5,
    "fields": {
      "workspace": 3,
      "label": "Lettrage",
      "description": "Lettrer les comptes",
      "icon": "Link",
      "color": "#8B5CF6",
      "action_type": "navigate",
      "action_target": "/accounting/lettrage",
      "order": 5,
      "is_visible": true,
      "show_badge": false,
      "created_at": "2025-01-01T00:00:00Z",
      "updated_at": "2025-01-01T00:00:00Z"
    }
  },
  {
    "model": "workspaces.workspacequickaction",
    "pk": 6,
    "fields": {
      "workspace": 3,
      "label": "Import Bancaire",
      "description": "Importer des relevés bancaires",
      "icon": "Upload",
      "color": "#F59E0B",
      "action_type": "modal",
      "action_target": "import_modal",
      "order": 6,
      "is_visible": true,
      "show_badge": false,
      "created_at": "2025-01-01T00:00:00Z",
      "updated_at": "2025-01-01T00:00:00Z"
    }
  },
  {
    "model": "workspaces.workspacequickaction",
    "pk": 7,
    "fields": {
      "workspace": 2,
      "label": "Dashboard Exécutif",
      "description": "Vue d'ensemble financière complète",
      "icon": "LayoutDashboard",
      "color": "#059669",
      "action_type": "navigate",
      "action_target": "/dashboard/executive",
      "order": 1,
      "is_visible": true,
      "show_badge": false,
      "created_at": "2025-01-01T00:00:00Z",
      "updated_at": "2025-01-01T00:00:00Z"
    }
  },
  {
    "model": "workspaces.workspacequickaction",
    "pk": 8,
    "fields": {
      "workspace": 2,
      "label": "Rapports Financiers",
      "description": "Générer et consulter les rapports",
      "icon": "FileText",
      "color": "#3B82F6",
      "action_type": "navigate",
      "action_target": "/reporting/financial",
      "order": 2,
      "is_visible": true,
      "show_badge": false,
      "created_at": "2025-01-01T00:00:00Z",
      "updated_at": "2025-01-01T00:00:00Z"
    }
  },
  {
    "model": "workspaces.workspacequickaction",
    "pk": 9,
    "fields": {
      "workspace": 2,
      "label": "Budgets & Écarts",
      "description": "Analyser les écarts budgétaires",
      "icon": "Target",
      "color": "#DC2626",
      "action_type": "navigate",
      "action_target": "/budgeting/variance",
      "order": 3,
      "is_visible": true,
      "show_badge": false,
      "created_at": "2025-01-01T00:00:00Z",
      "updated_at": "2025-01-01T00:00:00Z"
    }
  },
  {
    "model": "workspaces.workspacequickaction",
    "pk": 10,
    "fields": {
      "workspace": 2,
      "label": "Prévisions",
      "description": "Consulter les prévisions de trésorerie",
      "icon": "TrendingUp",
      "color": "#F59E0B",
      "action_type": "navigate",
      "action_target": "/treasury/forecasts",
      "order": 4,
      "is_visible": true,
      "show_badge": false,
      "created_at": "2025-01-01T00:00:00Z",
      "updated_at": "2025-01-01T00:00:00Z"
    }
  },
  {
    "model": "workspaces.workspacequickaction",
    "pk": 11,
    "fields": {
      "workspace": 2,
      "label": "Analyse Clients",
      "description": "Analyser le portefeuille clients",
      "icon": "Users",
      "color": "#8B5CF6",
      "action_type": "navigate",
      "action_target": "/crm/analytics",
      "order": 5,
      "is_visible": true,
      "show_badge": false,
      "created_at": "2025-01-01T00:00:00Z",
      "updated_at": "2025-01-01T00:00:00Z"
    }
  },
  {
    "model": "workspaces.workspacequickaction",
    "pk": 12,
    "fields": {
      "workspace": 1,
      "label": "Gestion Utilisateurs",
      "description": "Gérer les utilisateurs et permissions",
      "icon": "Users",
      "color": "#1F2937",
      "action_type": "navigate",
      "action_target": "/security/users",
      "order": 1,
      "is_visible": true,
      "show_badge": false,
      "created_at": "2025-01-01T00:00:00Z",
      "updated_at": "2025-01-01T00:00:00Z"
    }
  },
  {
    "model": "workspaces.workspacequickaction",
    "pk": 13,
    "fields": {
      "workspace": 1,
      "label": "Configuration",
      "description": "Paramètres système et configuration",
      "icon": "Settings",
      "color": "#6B7280",
      "action_type": "navigate",
      "action_target": "/settings",
      "order": 2,
      "is_visible": true,
      "show_badge": false,
      "created_at": "2025-01-01T00:00:00Z",
      "updated_at": "2025-01-01T00:00:00Z"
    }
  },
  {
    "model": "workspaces.workspacequickaction",
    "pk": 14,
    "fields": {
      "workspace": 1,
      "label": "Logs d'Audit",
      "description": "Consulter les journaux d'audit système",
      "icon": "FileSearch",
      "color": "#7C2D12",
      "action_type": "navigate",
      "action_target": "/security/audit-logs",
      "order": 3,
      "is_visible": true,
      "show_badge": true,
      "badge_api_endpoint": "/api/v1/security/alerts/count/",
      "created_at": "2025-01-01T00:00:00Z",
      "updated_at": "2025-01-01T00:00:00Z"
    }
  },
  {
    "model": "workspaces.workspacequickaction",
    "pk": 15,
    "fields": {
      "workspace": 1,
      "label": "Backup & Restore",
      "description": "Gérer les sauvegardes système",
      "icon": "Database",
      "color": "#059669",
      "action_type": "navigate",
      "action_target": "/system/backup",
      "order": 4,
      "is_visible": true,
      "show_badge": false,
      "created_at": "2025-01-01T00:00:00Z",
      "updated_at": "2025-01-01T00:00:00Z"
    }
  },
  {
    "model": "workspaces.workspacequickaction",
    "pk": 16,
    "fields": {
      "workspace": 1,
      "label": "Monitoring",
      "description": "Surveiller les performances système",
      "icon": "Activity",
      "color": "#3B82F6",
      "action_type": "navigate",
      "action_target": "/system/monitoring",
      "order": 5,
      "is_visible": true,
      "show_badge": false,
      "created_at": "2025-01-01T00:00:00Z",
      "updated_at": "2025-01-01T00:00:00Z"
    }
  }
]